id,Name,Email,Country,City,Industry,Phone,properties.technical_test___create_date,properties.hs_object_id
451192,,,Ireland,Limerick,;Milling;Fruit and vegetables;Meat;Bakery products;Dairy products;Animal feeds;Poultry and fish,(+353) 4308156553,2021-12-14,451192
457508,Abbey,abbey_porter75675783@vetan.org,Ireland,Limerick,Poultry and fish,(+353) 8532182466,2021-05-12,457508
454993,Ada,ada_gray1667084760@bungar.biz,Ireland,Ireland,;Fruit and vegetables;Bakery products;Poultry and fish,(+353) 1280418161,2021-08-18,454993
462151,Adalie,adalie_clifton1479415399@brety.org,Ireland,Limerick,;Milling;Fruit and vegetables;Animal feeds;Meat;Bakery products;Poultry and fish,(+353) 5616542556,2021-11-04,462151
461395,Aeris,aeris_walsh769266811@gompie.com,Ireland,Cork,;Fruit and vegetables;Animal feeds;Poultry and fish,(+353) 3814518751,2021-05-06,461395
462761,Agnes,agnes_powell1349801172@famism.biz,Ireland,Limerick,;Fruit and vegetables;Animal feeds;Meat;Dairy products;Bakery products,(+353) 4035221455,2021-10-21,462761
459008,Alessandra,alessandra_wheeler1645159682@hourpy.biz,Ireland,Limerick,;Milling;Poultry and fish,(+353) 4461872242,2021-03-08,459008
463753,Alex,alex_lyon92866971@qater.org,Ireland,Waterford,;Fruit and vegetables;Bakery products;Dairy products;Animal feeds;Poultry and fish,(+353) 8385141067,2021-03-26,463753
462406,Alexa,alexa_dwyer1913266281@vetan.org,Ireland,Cork,;Milling;Fruit and vegetables;Meat;Bakery products;Animal feeds,(+353) 7466133250,2021-05-17,462406
460471,Alexander,alexander_farrant2121762272@infotech44.tech,Ireland,Limerick,;Milling;Fruit and vegetables;Animal feeds;Meat;Dairy products;Bakery products;Poultry and fish,(+353) 4624636357,2021-11-25,460471
459763,Alexia,alexia_hudson442485398@ubusive.com,Ireland,Ireland,;Fruit and vegetables;Animal feeds;Milling;Poultry and fish,(+353) 7340473312,2021-01-24,459763
463706,Alma,alma_wright2054101970@supunk.biz,Ireland,Waterford,;Fruit and vegetables;Meat;Animal feeds,(+353) 6687483538,2021-05-27,463706
458517,Anabel,anabel_mason1036901360@ovock.tech,Ireland,Ireland,;Milling;Poultry and fish,(+353) 1803086572,2021-01-29,458517
459784,Anabelle,anabelle_gilmour81578353@nimogy.biz,Ireland,Dublin,;Fruit and vegetables;Bakery products;Milling;Animal feeds,(+353) 6256750475,2021-10-17,459784
460197,Anais,anais_alexander800749501@acrit.org,Ireland,Ireland,;Dairy products;Bakery products;Poultry and fish,(+353) 4645153847,2021-08-03,460197
463001,Analise,analise_norris1482086122@extex.org,Ireland,Waterford,;Dairy products;Meat;Bakery products;Animal feeds,(+353) 1288607271,2021-03-29,463001
459024,Andie,andie_edler1668569249@guentu.biz,Ireland,Ireland,;Milling;Animal feeds,(+353) 1448316381,2021-07-19,459024
457520,Angela,angela_evans1100524756@guentu.biz,Ireland,Dublin,;Fruit and vegetables;Animal feeds;Poultry and fish,(+353) 7574131680,2021-05-07,457520
452545,Angelina,angelina_harrington1579181374@bauros.biz,Ireland,Dublin,;Milling;Fruit and vegetables;Bakery products;Animal feeds;Poultry and fish,(+353) 5650370720,2021-06-25,452545
454596,Angelique,angelique_quinton269528266@deavo.com,Ireland,Dublin,;Milling;Dairy products;Animal feeds,(+353) 6526747502,2021-04-11,454596
455503,Anthony,anthony_anderson1364524132@gmail.com,Ireland,Dublin,;Milling;Fruit and vegetables;Meat;Bakery products;Dairy products;Animal feeds;Poultry and fish,(+353) 6244481140,2021-11-29,455503
460657,Audrey,audrey_owen816475873@iatim.tech,Ireland,Limerick,;Fruit and vegetables;Dairy products,(+353) 5006707643,2021-02-25,460657
458518,Aurelia,aurelia_broomfield119912511@sheye.org,Ireland,Waterford,;Milling;Bakery products;Poultry and fish;Fruit and vegetables,(+353) 3510674884,2021-04-29,458518
457913,Barry,barry_crawford1278875151@nickia.com,Ireland,Dublin,;Milling;Fruit and vegetables;Animal feeds;Meat;Dairy products;Bakery products;Poultry and fish,(+353) 6557844683,2021-09-06,457913
459774,Bart,bart_clarke1681710931@bretoux.com,Ireland,Ireland,;Milling;Fruit and vegetables;Meat;Bakery products;Dairy products;Animal feeds;Poultry and fish,(+353) 5180750702,2021-02-05,459774
460911,Beatrice,beatrice_rose1279561086@vetan.org,Ireland,Cork,;Meat;Animal feeds;Bakery products,(+353) 3751057155,2021-08-19,460911
462218,Boris,boris_steer1451972670@acrit.org,Ireland,Cork,;Milling;Fruit and vegetables;Animal feeds;Meat;Dairy products;Bakery products;Poultry and fish,(+353) 5672814262,2021-12-29,462218
450739,Bree,bree_dale1127772649@fuliss.net,Ireland,Ireland,;Fruit and vegetables;Dairy products;Milling,(+353) 1038322480,2021-04-15,450739
457509,Caitlyn,caitlyn_farrant1290655838@extex.org,Ireland,Waterford,;Fruit and vegetables;Meat;Bakery products;Dairy products;Animal feeds;Poultry and fish,(+353) 3807333501,2021-01-02,457509
454631,Caleb,caleb_purvis1251615808@iatim.tech,Ireland,Dublin,;Milling;Fruit and vegetables;Meat;Bakery products;Dairy products;Animal feeds;Poultry and fish,(+353) 5516171174,2021-02-23,454631
454200,Camila,camila_hammond690540341@cispeto.com,Ireland,Limerick,;Dairy products;Bakery products,(+353) 7167452871,2021-11-23,454200
457527,Carla,carla_holmes85884007@sheye.org,Ireland,Dublin,;Fruit and vegetables;Bakery products;Dairy products;Animal feeds;Poultry and fish,(+353) 5060543004,2021-02-04,457527
460927,Carmella,carmella_nobbs1882795310@acrit.org,Ireland,Waterford,;Fruit and vegetables;Meat;Bakery products;Poultry and fish,(+353) 5265403473,2021-11-04,460927
463715,Carolyn,carolyn_simmons844405874@deons.tech,Ireland,Dublin,;Milling;Meat;Bakery products;Dairy products;Animal feeds,(+353) 8516364665,2021-02-10,463715
462551,Carrie,carrie_andrews1216300877@hourpy.biz,Ireland,Limerick,;Dairy products;Animal feeds;Poultry and fish;Bakery products,(+353) 2374848353,2021-04-09,462551
450866,Catherine,catherine_chadwick1739448712@grannar.com,Ireland,Waterford,;Milling;Fruit and vegetables;Animal feeds;Meat;Dairy products;Bakery products;Poultry and fish,(+353) 1582685504,2021-12-25,450866
454360,Caydence,caydence_farmer301751929@tonsy.org,Ireland,Cork,Animal feeds,(+353) 8331808174,2021-09-30,454360
446590,Cecilia,cecilia_simpson251981393@kideod.biz,Ireland,Limerick,;Milling;Bakery products;Animal feeds,(+353) 6181337830,2021-06-14,446590
462217,Cedrick,cedrick_gavin1915649916@infotech44.tech,Ireland,Ireland,;Milling;Fruit and vegetables;Animal feeds;Meat;Dairy products;Bakery products;Poultry and fish,(+353) 1576735672,2021-09-19,462217
454108,Celia,celia_maxwell1754616779@joiniaa.com,Ireland,Ireland,;Milling;Animal feeds;Bakery products,(+353) 863425725,2021-09-18,454108
461367,Celina,celina_flack1035331631@zorer.org,Ireland,Waterford,;Fruit and vegetables;Bakery products;Poultry and fish,(+353) 5000284408,2021-01-11,461367
460679,Chadwick,chadwick_thorne2088928421@nanoff.biz,Ireland,Ireland,;Milling;Fruit and vegetables;Animal feeds;Meat;Dairy products;Bakery products;Poultry and fish,(+353) 2484008463,2021-08-08,460679
460199,Charlotte,charlotte_furnell441825239@nanoff.biz,Ireland,Waterford,Dairy products,(+353) 1656368701,2021-10-05,460199
460804,Cherish,cherish_carter281157987@iatim.tech,Ireland,Dublin,;Meat;Animal feeds;Poultry and fish,(+353) 5245725872,2021-01-23,460804
462803,Chester,chester_clarkson1900547590@deons.tech,Ireland,Cork,;Milling;Fruit and vegetables;Animal feeds;Meat;Dairy products;Bakery products;Poultry and fish,(+353) 8067454270,2021-07-16,462803
460462,Claire,claire_hamilton901584681@typill.biz,Ireland,Ireland,;Milling;Meat,(+353) 2671267326,2021-07-02,460462
461802,Clarissa,clarissa_styles993744416@fuliss.net,Ireland,Cork,;Milling;Fruit and vegetables;Meat;Bakery products;Animal feeds,(+353) 333507701,2021-10-20,461802
460695,Colleen,colleen_dempsey765414384@jiman.org,Ireland,Waterford,;Fruit and vegetables;Dairy products;Bakery products;Animal feeds,(+353) 366434828,2021-08-23,460695
455786,Courtney,courtney_butler452152640@supunk.biz,Ireland,Limerick,;Milling;Meat;Bakery products;Dairy products,(+353) 7458860013,2021-07-14,455786
462654,Crystal,crystal_allen1986729268@vetan.org,Ireland,Ireland,;Milling;Dairy products,(+353) 7637346228,2021-05-06,462654
457532,Dani,dani_murray678369716@dionrab.com,Ireland,Limerick,;Milling;Fruit and vegetables;Dairy products;Animal feeds;Poultry and fish,(+353) 7306147528,2021-01-27,457532
462451,Daniel,daniel_nielson592852065@atink.com,Ireland,Limerick,;Milling;Fruit and vegetables;Animal feeds;Meat;Dairy products;Bakery products;Poultry and fish,(+353) 5244834718,2021-07-12,462451
459779,Denis,denis_widdows1846097151@iatim.tech,Ireland,Waterford,;Milling;Fruit and vegetables;Animal feeds;Meat;Dairy products;Bakery products;Poultry and fish,(+353) 3526128216,2021-04-08,459779
445794,Destiny,destiny_williams586205908@deavo.com,Ireland,Waterford,;Dairy products;Animal feeds;Poultry and fish,(+353) 4163386286,2021-06-04,445794
461529,Domenic,domenic_egerton2041674616@twace.org,Ireland,Waterford,;Milling;Fruit and vegetables;Meat;Bakery products;Dairy products;Animal feeds;Poultry and fish,(+353) 6084455650,2021-04-28,461529
460236,Doug,doug_webster1382823351@iatim.tech,Ireland,Cork,;Milling;Fruit and vegetables;Animal feeds;Meat;Dairy products;Bakery products;Poultry and fish,(+353) 1336686635,2021-08-25,460236
461902,Elisabeth,elisabeth_morley1543064936@yahoo.com,Ireland,Waterford,;Milling;Fruit and vegetables;Meat;Bakery products;Dairy products;Animal feeds;Poultry and fish,(+353) 4017075783,2021-11-04,461902
445747,Elle,elle_clark550391535@guentu.biz,Ireland,Waterford,;Milling;Fruit and vegetables;Meat;Dairy products;Bakery products;Poultry and fish,(+353) 6816274884,2021-09-23,445747
461360,Ellen,ellen_cunningham945219647@extex.org,Ireland,Dublin,;Milling;Meat;Poultry and fish,(+353) 3662013508,2021-08-30,461360
457928,Elly,elly_yoman1163745437@extex.org,Ireland,Ireland,;Milling;Fruit and vegetables;Meat;Dairy products;Poultry and fish,(+353) 463115416,2021-07-23,457928
457929,Emery,emery_campbell237332452@iatim.tech,Ireland,Cork,;Milling;Bakery products;Poultry and fish,(+353) 2765730845,2021-09-16,457929
461711,Emma,emma_thorne517653489@gembat.biz,Ireland,Cork,;Fruit and vegetables;Meat;Animal feeds,(+353) 1635762802,2021-07-05,461711
461732,Esmeralda,esmeralda_hastings190512767@fuliss.net,Ireland,Cork,;Fruit and vegetables;Bakery products,(+353) 4271837378,2021-10-23,461732
460394,Eve,eve_stevenson1733886860@iatim.tech,Ireland,Waterford,;Bakery products;Poultry and fish,(+353) 5330233867,2021-10-26,460394
445172,Evelynn,evelynn_plant1711881613@nanoff.biz,Ireland,Cork,;Fruit and vegetables;Dairy products;Bakery products;Poultry and fish,(+353) 540837563,2021-10-15,445172
446951,Faith,faith_lakey1967796007@supunk.biz,Ireland,Limerick,;Meat;Animal feeds,(+353) 5505868044,2021-05-21,446951
446198,Fiona,fiona_evans1486870612@gembat.biz,Ireland,Dublin,Bakery products,(+353) 2178637645,2021-02-16,446198
460920,Florence,florence_doherty1081065157@mafthy.com,Ireland,Ireland,;Fruit and vegetables;Meat;Milling;Poultry and fish,(+353) 3780847643,2021-11-07,460920
460928,Francesca,francesca_poole611154763@sheye.org,Ireland,Cork,;Dairy products;Bakery products;Meat;Animal feeds,(+353) 3587502760,2021-07-26,460928
461724,Freya,freya_roman2090753618@cispeto.com,Ireland,Cork,;Milling;Poultry and fish,(+353) 7867365506,2021-12-12,461724
462652,George,george_john1371131849@jiman.org,Ireland,Ireland,;Milling;Fruit and vegetables;Meat;Bakery products;Dairy products;Animal feeds;Poultry and fish,(+353) 5064640200,2021-08-09,462652
463716,Gil,gil_leslie1987658426@eirey.tech,Ireland,Ireland,;Milling;Fruit and vegetables;Meat;Bakery products;Dairy products;Animal feeds;Poultry and fish,(+353) 8034400771,2021-09-19,463716
445807,Gladys,gladys_power1765805904@kideod.biz,Ireland,Cork,;Fruit and vegetables;Meat,(+353) 3435857206,2021-01-22,445807
445718,Grace,grace_mason190531072@brety.org,Ireland,Limerick,;Dairy products;Meat;Bakery products,(+353) 4631120432,2021-01-15,445718
446051,Greta,greta_exton971874306@womeona.net,Ireland,Waterford,;Fruit and vegetables;Bakery products;Poultry and fish,(+353) 2453736604,2021-10-17,446051
448651,Gwen,gwen_alexander103317946@iatim.tech,Ireland,Ireland,;Milling;Dairy products;Bakery products;Fruit and vegetables,(+353) 7446284386,2021-04-10,448651
458526,Hank,hank_cox559330673@fuliss.net,Ireland,Limerick,;Milling;Fruit and vegetables;Meat;Bakery products;Dairy products;Animal feeds;Poultry and fish,(+353) 6657382036,2021-02-10,458526
444630,Harriet,harriet_gordon1233113062@muall.tech,Ireland,Cork,;Dairy products;Animal feeds,(+353) 3686270857,2021-07-07,444630
461372,Havana,havana_morgan127557477@brety.org,Ireland,Cork,;Fruit and vegetables;Dairy products;Bakery products,(+353) 724726236,2021-08-28,461372
458510,Hazel,hazel_crawley383802891@bauros.biz,Ireland,Cork,Bakery products,(+353) 2740677042,2021-08-02,458510
460872,Helen,helen_bennett1732872370@joiniaa.com,Ireland,Waterford,;Milling;Dairy products;Poultry and fish,(+353) 8768027766,2021-01-27,460872
460697,Henry,henry_ventura215333832@zorer.org,Ireland,Waterford,;Milling;Fruit and vegetables;Animal feeds;Meat;Dairy products;Bakery products;Poultry and fish,(+353) 4501044642,2021-05-16,460697
460174,Hope,hope_utterson1402517356@hourpy.biz,Ireland,Ireland,;Milling;Fruit and vegetables;Bakery products;Dairy products;Animal feeds,(+353) 5070812877,2021-03-31,460174
457941,Ilona,ilona_morris291999311@atink.com,Ireland,Cork,;Milling;Dairy products;Animal feeds;Poultry and fish,(+353) 4837238650,2021-10-21,457941
462656,Isla,isla_willson2008365983@qater.org,Ireland,Ireland,;Fruit and vegetables;Meat;Milling;Dairy products,(+353) 7422348510,2021-05-09,462656
457947,Jackeline,jackeline_murray713518247@deons.tech,Ireland,Dublin,;Dairy products;Meat;Animal feeds,(+353) 3044442247,2021-07-25,457947
444338,Jade,jade_varndell997505481@irrepsy.com,Ireland,Cork,;Animal feeds;Poultry and fish,(+353) 2436552418,2021-08-06,444338
445177,Jamie,jamie_carter106211500@zorer.org,Ireland,Cork,;Milling;Fruit and vegetables;Meat;Dairy products;Animal feeds;Poultry and fish,(+353) 6326152602,2021-12-31,445177
460397,Jane,jane_rivers1048742424@nickia.com,Ireland,Ireland,;Meat;Bakery products;Poultry and fish,(+353) 8577451432,2021-10-04,460397
461376,Javier,javier_ogilvy1286833203@sveldo.biz,Ireland,Limerick,;Milling;Fruit and vegetables;Meat;Bakery products;Dairy products;Animal feeds;Poultry and fish,(+353) 4330564786,2021-05-10,461376
459037,Jaylene,jaylene_heaton769705377@nimogy.biz,Ireland,Limerick,;Milling;Dairy products;Animal feeds;Meat,(+353) 888232311,2021-10-09,459037
444210,Jennifer,jennifer_newton68484147@liret.org,Ireland,Waterford,;Fruit and vegetables;Bakery products,(+353) 4172874046,2021-01-07,444210
429485,Jessica,jessica_edwards1891326000@naiker.biz,Ireland,Cork,;Milling;Fruit and vegetables;Animal feeds;Meat;Dairy products;Bakery products,(+353) 4748508812,2021-03-09,429485
438381,Johnathan,johnathan_campbell236114447@typill.biz,Ireland,Limerick,;Milling;Fruit and vegetables;Meat;Bakery products;Dairy products;Animal feeds;Poultry and fish,(+353) 5126006674,2021-06-28,438381
462805,Josh,josh_williams1645479815@qater.org,Ireland,Waterford,;Milling;Fruit and vegetables;Meat;Bakery products;Dairy products;Animal feeds;Poultry and fish,(+353) 7030061132,2021-05-24,462805
461385,Joy,joy_middleton1961853746@typill.biz,Ireland,Limerick,;Fruit and vegetables;Dairy products;Poultry and fish,(+353) 4326775828,2021-03-30,461385
461392,Joyce,joyce_james691989732@nimogy.biz,Ireland,Limerick,;Dairy products;Meat;Animal feeds,(+353) 8775137866,2021-03-08,461392
441786,Jules,jules_clifford1708609511@elnee.tech,Ireland,Limerick,Poultry and fish,(+353) 7578867231,2021-04-02,441786
462762,Julian,julian_shaw496958053@sheye.org,Ireland,Limerick,;Milling;Fruit and vegetables;Animal feeds;Meat;Dairy products;Bakery products;Poultry and fish,(+353) 2024414683,2021-11-17,462762
460173,Julius,julius_weasley397143705@extex.org,Ireland,Limerick,;Milling;Fruit and vegetables;Bakery products;Dairy products;Animal feeds;Poultry and fish,(+353) 210456241,2021-09-12,460173
425841,Kamila,kamila_tyler263958354@hourpy.biz,Ireland,Limerick,;Dairy products;Animal feeds;Bakery products,(+353) 783421063,2021-10-30,425841
462851,Karen,karen_carpenter1568107511@irrepsy.com,Ireland,Limerick,;Milling;Fruit and vegetables;Dairy products;Animal feeds;Poultry and fish,(+353) 5754357156,2021-04-24,462851
454592,Karla,karla_malone670877654@irrepsy.com,Ireland,Waterford,;Milling;Bakery products;Poultry and fish,(+353) 7087387685,2021-07-21,454592
454590,Keira,keira_verdon1042529279@nickia.com,Ireland,Ireland,;Fruit and vegetables;Dairy products;Milling,(+353) 3120864440,2021-09-01,454590
456908,Kimberly,kimberly_watt1627548255@acrit.org,Ireland,Waterford,;Dairy products;Bakery products;Animal feeds,(+353) 3424555886,2021-12-29,456908
440146,Kirsten,kirsten_wills773096051@twace.org,Ireland,Ireland,;Fruit and vegetables;Meat;Bakery products;Dairy products;Animal feeds;Poultry and fish,(+353) 8131188525,2021-06-10,440146
459029,Kurt,kurt_robinson1068093337@deons.tech,Ireland,Limerick,;Milling;Fruit and vegetables;Animal feeds;Meat;Dairy products;Bakery products;Poultry and fish,(+353) 3633625346,2021-07-05,459029
461107,Lauren,lauren_walker841683232@corti.com,Ireland,Ireland,;Fruit and vegetables;Meat;Bakery products;Animal feeds;Poultry and fish,(+353) 7088383577,2021-06-21,461107
457936,Leah,leah_weatcroft735001362@iatim.tech,Ireland,Cork,;Milling;Fruit and vegetables;Dairy products;Bakery products;Poultry and fish,(+353) 5240348617,2021-08-23,457936
455000,Leanne,leanne_weldon1581894268@famism.biz,Ireland,Limerick,;Milling;Meat;Animal feeds;Dairy products,(+353) 547652235,2021-03-12,455000
454977,Leilani,leilani_simmons47506130@acrit.org,Ireland,Dublin,;Dairy products;Bakery products;Meat,(+353) 1075131244,2021-03-07,454977
443679,Leslie,leslie_collins385677723@deavo.com,Ireland,Limerick,;Milling;Meat;Bakery products,(+353) 1330268600,2021-03-03,443679
462758,Lexi,lexi_dunbar722128966@sveldo.biz,Ireland,Limerick,;Fruit and vegetables;Dairy products,(+353) 222686721,2021-11-12,462758
463717,Lily,lily_daniells128867383@typill.biz,Ireland,Waterford,;Milling;Fruit and vegetables;Animal feeds;Meat;Dairy products;Bakery products;Poultry and fish,(+353) 4701073300,2021-02-12,463717
462408,Logan,logan_dwyer1200785923@fuliss.net,Ireland,Ireland,;Milling;Fruit and vegetables;Animal feeds;Meat;Dairy products;Bakery products;Poultry and fish,(+353) 7326418505,2021-01-28,462408
458532,Lorraine,lorraine_lindop1407779031@tonsy.org,Ireland,Cork,;Milling;Fruit and vegetables;Animal feeds;Dairy products;Bakery products,(+353) 76484507,2021-07-01,458532
461719,Louise,louise_hopkins1393479704@gembat.biz,Ireland,Ireland,;Milling;Animal feeds;Meat;Dairy products;Bakery products,(+353) 7478341760,2021-03-11,461719
443902,Luna,luna_edwards1046501375@naiker.biz,Ireland,Waterford,;Milling;Animal feeds,(+353) 2257551306,2021-07-03,443902
423732,Lynn,lynn_avery489964639@acrit.org,Ireland,Waterford,;Dairy products;Meat;Animal feeds;Milling,(+353) 4777261431,2021-07-21,423732
461390,Macy,macy_walker317083403@grannar.com,Ireland,Dublin,;Milling;Animal feeds;Dairy products;Bakery products;Poultry and fish,(+353) 8033403200,2021-12-11,461390
460693,Maggie,maggie_powell524453980@iatim.tech,Ireland,Ireland,;Dairy products;Meat;Milling;Poultry and fish,(+353) 7583138768,2021-08-11,460693
462153,Makenzie,makenzie_reynolds568059887@gmail.com,Ireland,Limerick,;Fruit and vegetables;Dairy products;Animal feeds,(+353) 1521220111,2021-06-03,462153
420705,Mara,mara_clark577292797@nanoff.biz,Ireland,Cork,;Milling;Animal feeds;Poultry and fish,(+353) 4247251872,2021-10-15,420705
421326,Margaret,margaret_roberts1817396970@muall.tech,Ireland,Cork,;Milling;Meat;Bakery products,(+353) 8737844330,2021-06-06,421326
460819,Margot,margot_glynn642603393@tonsy.org,Ireland,Cork,;Fruit and vegetables;Dairy products;Animal feeds,(+353) 7023522047,2021-10-13,460819
460841,Maribel,maribel_radley1943859347@typill.biz,Ireland,Limerick,;Milling;Bakery products;Poultry and fish,(+353) 7668477034,2021-05-31,460841
441503,Marie,marie_johnson1921838472@tonsy.org,Ireland,Waterford,;Milling;Meat;Animal feeds;Fruit and vegetables,(+353) 3505101817,2021-02-18,441503
455776,Mark,mark_lunt1841661524@sveldo.biz,Ireland,Dublin,;Milling;Fruit and vegetables;Animal feeds;Meat;Dairy products;Bakery products;Poultry and fish,(+353) 1207121838,2021-01-03,455776
457921,Marla,marla_gonzales900841151@iatim.tech,Ireland,Ireland,;Meat;Animal feeds;Poultry and fish;Bakery products,(+353) 3380358088,2021-05-27,457921
460825,Martin,martin_matthews160908123@nanoff.biz,Ireland,Limerick,;Milling;Fruit and vegetables;Animal feeds;Meat;Dairy products;Bakery products;Poultry and fish,(+353) 5703026576,2021-08-05,460825
462053,Mason,mason_ulyatt1133925159@zorer.org,Ireland,Ireland,;Milling;Fruit and vegetables;Animal feeds;Meat;Dairy products;Bakery products;Poultry and fish,(+353) 5158023384,2021-09-21,462053
454593,Matt,matt_walsh1137389906@dionrab.com,Ireland,Dublin,;Milling;Fruit and vegetables;Animal feeds;Meat;Dairy products;Bakery products;Poultry and fish,(+353) 5432456383,2021-08-24,454593
460696,Matthew,matthew_evans2085991926@infotech44.tech,Ireland,Limerick,;Milling;Fruit and vegetables;Animal feeds;Meat;Dairy products;Bakery products;Poultry and fish,(+353) 8568580615,2021-04-04,460696
461391,Maxwell,maxwell_waterson223121783@atink.com,Ireland,Ireland,;Milling;Fruit and vegetables;Animal feeds;Meat;Dairy products;Bakery products;Poultry and fish,(+353) 4503007042,2021-10-03,461391
454842,Maya,maya_morgan1458378573@typill.biz,Ireland,Limerick,;Milling;Bakery products;Fruit and vegetables,(+353) 4252060243,2021-01-09,454842
460694,Megan,megan_morrow351304665@liret.org,Ireland,Limerick,;Milling;Meat;Animal feeds;Poultry and fish,(+353) 2623126315,2021-11-28,460694
462802,Melody,melody_stevens1336944067@guentu.biz,Ireland,Waterford,;Milling;Fruit and vegetables;Meat;Animal feeds;Poultry and fish,(+353) 8165128867,2021-03-10,462802
459775,Michael,michael_whitehouse280549620@supunk.biz,Ireland,Limerick,;Milling;Fruit and vegetables;Meat;Bakery products;Dairy products;Animal feeds;Poultry and fish,(+353) 641228148,2021-08-31,459775
462804,Mike,mike_mould1440549692@irrepsy.com,Ireland,Dublin,;Milling;Fruit and vegetables;Animal feeds;Meat;Dairy products;Bakery products;Poultry and fish,(+353) 7476823528,2021-04-06,462804
414497,Miley,miley_cobb573432607@bulaffy.com,Ireland,Cork,;Animal feeds;Poultry and fish,(+353) 3125888130,2021-02-22,414497
460929,Molly,molly_haines985979447@guentu.biz,Ireland,Ireland,;Meat;Bakery products;Poultry and fish,(+353) 288306148,2021-06-27,460929
463605,Monica,monica_holmes233837896@jiman.org,Ireland,Limerick,;Milling;Fruit and vegetables;Meat;Dairy products;Bakery products,(+353) 8376646442,2021-10-06,463605
460180,Mya,mya_carson203894762@fuliss.net,Ireland,Limerick,;Milling;Fruit and vegetables;Animal feeds;Bakery products;Poultry and fish,(+353) 482551144,2021-03-18,460180
463755,Naomi,naomi_holmes349471400@brety.org,Ireland,Ireland,;Milling;Fruit and vegetables;Meat;Bakery products;Animal feeds;Poultry and fish,(+353) 1856116461,2021-10-07,463755
460698,Nathan,nathan_rixon590905312@muall.tech,Ireland,Cork,;Milling;Fruit and vegetables;Meat;Bakery products;Dairy products;Animal feeds;Poultry and fish,(+353) 8270337037,2021-05-15,460698
461398,Nicholas,nicholas_emerson832899249@brety.org,Ireland,Ireland,;Milling;Fruit and vegetables;Meat;Bakery products;Dairy products;Animal feeds;Poultry and fish,(+353) 1288370443,2021-06-26,461398
462201,Nick,nick_hopkins1205990464@qater.org,Ireland,Cork,;Milling;Fruit and vegetables;Animal feeds;Meat;Dairy products;Bakery products;Poultry and fish,(+353) 2321188458,2021-05-21,462201
414034,Noemi,noemi_moss1681550518@tonsy.org,Ireland,Waterford,;Fruit and vegetables;Meat;Dairy products,(+353) 4050337855,2021-10-26,414034
461710,Olivia,olivia_callan1840485207@dionrab.com,Ireland,Limerick,;Milling;Meat;Bakery products;Dairy products,(+353) 3714538368,2021-07-04,461710
438367,Paige,paige_johnson1652308569@sveldo.biz,Ireland,Cork,;Dairy products;Animal feeds,(+353) 6872247104,2021-05-10,438367
458524,Parker,parker_gardner1878665190@deons.tech,Ireland,Dublin,;Milling;Fruit and vegetables;Meat;Dairy products;Animal feeds;Poultry and fish,(+353) 2535271434,2021-10-31,458524
458507,Paula,paula_mitchell610770071@hourpy.biz,Ireland,Limerick,;Animal feeds;Poultry and fish,(+353) 4071567142,2021-04-05,458507
460848,Payton,payton_becker94954582@acrit.org,Ireland,Cork,;Fruit and vegetables;Meat,(+353) 4822073186,2021-07-31,460848
454637,Penelope,penelope_wade506312692@atink.com,Ireland,Cork,;Fruit and vegetables;Animal feeds;Poultry and fish,(+353) 5652424288,2021-05-02,454637
454849,Percy,percy_welsch1275191317@elnee.tech,Ireland,Dublin,;Milling;Fruit and vegetables;Meat;Bakery products;Dairy products;Animal feeds;Poultry and fish,(+353) 1600508811,2021-01-15,454849
463702,Peter,peter_widdows1745468087@twace.org,Ireland,Ireland,;Milling;Fruit and vegetables;Animal feeds;Meat;Dairy products;Bakery products;Poultry and fish,(+353) 8288867061,2021-11-14,463702
424653,Peyton,peyton_power687142656@twipet.com,Ireland,Limerick,;Fruit and vegetables;Meat;Bakery products;Poultry and fish,(+353) 8765435583,2021-03-06,424653
423102,Phillip,phillip_abbot2085956323@twipet.com,Ireland,Limerick,;Milling;Fruit and vegetables;Animal feeds;Meat;Dairy products;Bakery products;Poultry and fish,(+353) 151175437,2021-01-30,423102
422551,Phoebe,phoebe_drake689243036@corti.com,Ireland,Ireland,;Milling;Animal feeds,(+353) 2288251163,2021-01-09,422551
423970,Piper,piper_rowe1513202848@bauros.biz,Ireland,Ireland,Poultry and fish,(+353) 1626886562,2021-10-13,423970
428509,Quinn,quinn_armstrong1477430553@joiniaa.com,Ireland,Ireland,;Milling;Meat;Animal feeds;Fruit and vegetables,(+353) 3521175607,2021-06-17,428509
461530,Rachael,rachael_tailor1963479128@deavo.com,Ireland,Limerick,;Fruit and vegetables;Poultry and fish,(+353) 4704670754,2021-04-01,461530
462657,Raquel,raquel_pitt1378255916@tonsy.org,Ireland,Ireland,;Fruit and vegetables;Milling;Poultry and fish,(+353) 5887470576,2021-02-07,462657
413754,Rebecca,rebecca_powell2126662131@bauros.biz,Ireland,Waterford,;Fruit and vegetables;Dairy products;Animal feeds;Meat,(+353) 2084577577,2021-09-25,413754
459040,Remy,remy_rogers689585557@yahoo.com,Ireland,Dublin,;Fruit and vegetables;Meat;Bakery products;Dairy products;Animal feeds;Poultry and fish,(+353) 7472166813,2021-06-01,459040
454634,Renee,renee_adams1482523759@gompie.com,Ireland,Cork,;Milling;Fruit and vegetables;Meat;Animal feeds;Poultry and fish,(+353) 3436688625,2021-01-06,454634
463801,Rhea,rhea_grady231044837@deons.tech,Ireland,Waterford,;Fruit and vegetables;Bakery products;Poultry and fish,(+353) 2301310740,2021-04-24,463801
435004,Robyn,robyn_murray844035489@tonsy.org,Ireland,Cork,Bakery products,(+353) 2640650480,2021-05-12,435004
460824,Rocco,rocco_wren806206305@qater.org,Ireland,Ireland,;Milling;Fruit and vegetables;Animal feeds;Meat;Dairy products;Bakery products;Poultry and fish,(+353) 2373301632,2021-08-18,460824
461523,Roger,roger_groves565286745@supunk.biz,Ireland,Limerick,;Milling;Fruit and vegetables;Animal feeds;Meat;Dairy products;Bakery products;Poultry and fish,(+353) 3052154331,2021-01-31,461523
461759,Ronald,ronald_pearson1292195734@sveldo.biz,Ireland,Waterford,;Milling;Fruit and vegetables;Meat;Bakery products;Dairy products;Animal feeds;Poultry and fish,(+353) 1442168351,2021-06-15,461759
413010,Rosa,rosa_hope1486758767@infotech44.tech,Ireland,Cork,;Fruit and vegetables;Meat;Animal feeds;Poultry and fish,(+353) 7373658031,2021-07-20,413010
413252,Rosalee,rosalee_farrell1226869691@bungar.biz,Ireland,Ireland,;Dairy products;Meat;Animal feeds,(+353) 1208173181,2021-09-08,413252
460837,Rosalie,rosalie_latham309467180@mafthy.com,Ireland,Waterford,;Fruit and vegetables;Animal feeds;Milling,(+353) 335030528,2021-11-16,460837
463752,Rosalyn,rosalyn_shields2025748369@grannar.com,Ireland,Dublin,;Fruit and vegetables;Meat;Dairy products;Animal feeds;Poultry and fish,(+353) 7462648022,2021-03-13,463752
461727,Rowan,rowan_drake972815524@yahoo.com,Ireland,Limerick,;Fruit and vegetables;Animal feeds;Meat;Dairy products;Bakery products;Poultry and fish,(+353) 6543387554,2021-12-02,461727
461533,Ruby,ruby_edwards61837217@ovock.tech,Ireland,Waterford,;Milling;Fruit and vegetables;Animal feeds;Dairy products;Bakery products,(+353) 1438476071,2021-05-14,461533
439152,Sadie,sadie_whitmore1911992429@eirey.tech,Ireland,Cork,Dairy products,(+353) 6266004003,2021-06-11,439152
462214,Sage,sage_lewis1114564455@nimogy.biz,Ireland,Ireland,;Milling;Dairy products;Bakery products;Poultry and fish,(+353) 5677640567,2021-05-22,462214
459755,Samantha,samantha_kennedy1152787218@naiker.biz,Ireland,Ireland,;Dairy products;Animal feeds;Poultry and fish,(+353) 1353058522,2021-04-26,459755
463607,Sara,sara_vangness2112159821@brety.org,Ireland,Dublin,;Milling;Dairy products;Bakery products;Meat,(+353) 8548248400,2021-06-19,463607
460838,Sarah,sarah_giles1835337484@twipet.com,Ireland,Cork,;Milling;Dairy products;Animal feeds,(+353) 175563426,2021-03-01,460838
458513,Sasha,sasha_ianson1613253338@gembat.biz,Ireland,Waterford,;Fruit and vegetables;Milling;Poultry and fish,(+353) 100767143,2021-03-24,458513
462414,Shannon,shannon_dempsey1495469145@infotech44.tech,Ireland,Cork,;Milling;Dairy products;Animal feeds,(+353) 7158134263,2021-04-02,462414
426751,Sienna,sienna_jarvis177471976@corti.com,Ireland,Limerick,;Milling;Meat;Animal feeds;Fruit and vegetables,(+353) 8577657545,2021-07-22,426751
425804,Sofia,sofia_johnson1529477858@qater.org,Ireland,Ireland,;Milling;Fruit and vegetables;Meat;Dairy products;Animal feeds,(+353) 121048780,2021-06-12,425804
440151,Sofie,sofie_walsh630055850@jiman.org,Ireland,Limerick,;Meat;Poultry and fish,(+353) 7408021655,2021-08-17,440151
423401,Stacy,stacy_antcliff1137498502@atink.com,Ireland,Dublin,;Milling;Animal feeds;Meat;Dairy products;Bakery products,(+353) 4742652474,2021-02-20,423401
454622,Stella,stella_purvis1008560855@atink.com,Ireland,Limerick,;Fruit and vegetables;Animal feeds;Meat;Dairy products;Bakery products,(+353) 6032333287,2021-10-05,454622
459781,Summer,summer_redden1443687143@qater.org,Ireland,Dublin,;Fruit and vegetables;Animal feeds;Meat;Bakery products;Poultry and fish,(+353) 2806281153,2021-03-04,459781
462411,Tania,tania_whittle2104199231@guentu.biz,Ireland,Limerick,;Dairy products;Animal feeds;Bakery products;Meat,(+353) 3787531877,2021-08-16,462411
463156,Tara,tara_whitmore1057466942@hourpy.biz,Ireland,Cork,;Milling;Fruit and vegetables;Animal feeds;Meat;Bakery products;Poultry and fish,(+353) 8857256764,2021-03-17,463156
460840,Taylor,taylor_haines1983169077@bauros.biz,Ireland,Limerick,;Milling;Dairy products;Bakery products,(+353) 224033080,2021-01-13,460840
462216,Teagan,teagan_hardwick106942017@corti.com,Ireland,Waterford,Animal feeds,(+353) 880434566,2021-11-27,462216
422355,Thea,thea_allen1374691758@supunk.biz,Ireland,Waterford,;Dairy products;Poultry and fish,(+353) 2152236010,2021-01-15,422355
459015,Tom,tom_michael1978223031@guentu.biz,Ireland,Dublin,;Milling;Fruit and vegetables;Animal feeds;Meat;Dairy products;Bakery products;Poultry and fish,(+353) 4251380837,2021-01-05,459015
462409,Tyler,tyler_weatcroft775766468@elnee.tech,Ireland,Waterford,;Milling;Fruit and vegetables;Animal feeds;Meat;Dairy products;Bakery products;Poultry and fish,(+353) 4625815777,2021-10-04,462409
435601,Valentina,valentina_huggins597061482@gmail.com,Ireland,Ireland,;Fruit and vegetables;Dairy products;Bakery products,(+353) 6211617841,2021-02-23,435601
463158,Vanessa,vanessa_lindop638311408@fuliss.net,Ireland,Limerick,;Milling;Fruit and vegetables;Meat;Bakery products;Dairy products;Animal feeds,(+353) 3418434343,2021-08-10,463158
461731,Victoria,victoria_rivers1145685893@eirey.tech,Ireland,Cork,Meat,(+353) 5813024187,2021-09-30,461731
459039,Violet,violet_oliver1585024709@ovock.tech,Ireland,Waterford,;Fruit and vegetables;Poultry and fish,(+353) 7584204536,2021-02-04,459039
432752,Vivian,vivian_russell1375472161@muall.tech,Ireland,Dublin,Animal feeds,(+353) 4147146203,2021-03-24,432752
461396,Winnie,winnie_plant1027126911@deavo.com,Ireland,Dublin,;Fruit and vegetables;Bakery products;Dairy products;Animal feeds;Poultry and fish,(+353) 5652104870,2021-09-17,461396
454591,Zoe,zoe_jackson621011117@bauros.biz,Ireland,Dublin,;Milling;Meat;Bakery products;Poultry and fish,(+353) 6770631020,2021-10-12,454591
457932,Abdul,abdul_samuel311062258@liret.org,England,,;Milling;Fruit and vegetables;Meat;Bakery products;Dairy products;Animal feeds;Poultry and fish,(+44) 108063874,2021-06-21,457932
461114,Adalind,adalind_norman1985722433@bulaffy.com,England,,;Milling;Bakery products;Poultry and fish,(+44) 1460453758,2021-12-29,461114
462209,Adela,adela_john223504921@cispeto.com,England,Milton Keynes,;Milling;Animal feeds;Bakery products,(+44) 8011323834,2021-10-23,462209
454624,Adeline,adeline_rixon1002221726@elnee.tech,England,Winchester,;Milling;Bakery products,(+44) 5781450616,2021-12-27,454624
461528,Adina,adina_samuel986478129@brety.org,England,Winchester,;Milling;Meat;Animal feeds,(+44) 3814002764,2021-06-25,461528
461112,Aiden,aiden_squire1941506687@dionrab.com,England,Milton Keynes,;Milling;Fruit and vegetables;Animal feeds;Meat;Dairy products;Bakery products;Poultry and fish,(+44) 7627581778,2021-06-13,461112
463252,Aileen,aileen_chester2041110279@nanoff.biz,England,London,;Animal feeds;Bakery products,(+44) 670232276,2021-04-12,463252
460849,Aisha,aisha_atkinson2009026059@elnee.tech,England,Oxford,;Dairy products;Meat;Animal feeds;Bakery products,(+44) 355085386,2021-01-26,460849
458529,Alan,alan_tait2014310774@ubusive.com,England,London,;Milling;Fruit and vegetables;Meat;Bakery products;Dairy products;Animal feeds;Poultry and fish,(+44) 586030836,2021-03-26,458529
458801,Alba,alba_graham1855117075@typill.biz,England,Plymouth,;Meat;Bakery products;Animal feeds,(+44) 7518505704,2021-03-23,458801
448230,Aleksandra,aleksandra_murray765093796@vetan.org,England,,;Milling;Dairy products;Poultry and fish,(+44) 6253120051,2021-05-12,448230
454635,Alessia,alessia_mcleod1589401908@hourpy.biz,England,Winchester,;Fruit and vegetables;Meat;Dairy products;Bakery products;Poultry and fish,(+44) 4862567642,2021-12-18,454635
448193,Alison,alison_cooper384001937@elnee.tech,England,Plymouth,;Fruit and vegetables;Meat;Bakery products;Animal feeds;Poultry and fish,(+44) 1660850862,2021-04-17,448193
461522,Ally,ally_cartwright1903432118@guentu.biz,England,Milton Keynes,;Fruit and vegetables;Dairy products,(+44) 6771638881,2021-06-08,461522
457942,Amelia,amelia_eastwood1696946157@atink.com,England,Winchester,Milling,(+44) 6408477342,2021-09-24,457942
461716,Amy,amy_collins784352516@vetan.org,England,Plymouth,;Dairy products;Poultry and fish,(+44) 6583248737,2021-05-12,461716
457506,Andrea,andrea_roberts947513676@twipet.com,England,Oxford,;Milling;Fruit and vegetables;Meat;Animal feeds;Poultry and fish,(+44) 1708516354,2021-11-14,457506
461516,Angel,angel_foxley1203562200@irrepsy.com,England,London,;Milling;Fruit and vegetables;Meat;Dairy products;Animal feeds;Poultry and fish,(+44) 842547171,2021-12-22,461516
460689,Angelica,angelica_ventura1076604371@gompie.com,England,Milton Keynes,;Fruit and vegetables;Dairy products;Animal feeds;Meat,(+44) 5385334863,2021-07-01,460689
463160,Barney,barney_underhill1690393855@irrepsy.com,England,Milton Keynes,;Milling;Fruit and vegetables;Animal feeds;Meat;Dairy products;Bakery products;Poultry and fish,(+44) 7155648114,2021-04-20,463160
461113,Belinda,belinda_mccormick1790146579@joiniaa.com,England,Milton Keynes,;Fruit and vegetables;Meat,(+44) 4771567456,2021-10-05,461113
462901,Benjamin,benjamin_watson1422041210@acrit.org,England,Winchester,;Milling;Fruit and vegetables;Animal feeds;Meat;Dairy products;Bakery products;Poultry and fish,(+44) 3554738168,2021-05-30,462901
454998,Benny,benny_emmott1874672352@famism.biz,England,,;Milling;Fruit and vegetables;Meat;Bakery products;Dairy products;Animal feeds;Poultry and fish,(+44) 8183636356,2021-04-14,454998
460376,Bernadette,bernadette_wade1198945363@gembat.biz,England,Milton Keynes,;Dairy products;Bakery products;Poultry and fish,(+44) 7430171278,2021-08-15,460376
460459,Bethany,bethany_hilton170306783@liret.org,England,London,;Milling;Animal feeds;Dairy products;Bakery products;Poultry and fish,(+44) 583768545,2021-12-24,460459
454840,Blake,blake_barclay914332871@elnee.tech,England,Plymouth,;Milling;Fruit and vegetables;Bakery products;Dairy products;Animal feeds;Poultry and fish,(+44) 8715604405,2021-03-05,454840
463704,Bob,bob_utterson1300596807@irrepsy.com,England,Winchester,;Milling;Fruit and vegetables;Meat;Bakery products;Dairy products;Animal feeds;Poultry and fish,(+44) 3522030807,2021-02-15,463704
457920,Brad,brad_taylor2053805561@yahoo.com,England,London,;Milling;Fruit and vegetables;Meat;Bakery products;Dairy products;Animal feeds;Poultry and fish,(+44) 3863542478,2021-09-27,457920
454754,Bridget,bridget_vince771889292@twace.org,England,,;Fruit and vegetables;Dairy products,(+44) 8576258036,2021-04-22,454754
453904,Bristol,bristol_freeburn473610571@typill.biz,England,Plymouth,;Milling;Meat;Bakery products;Animal feeds,(+44) 8646755601,2021-11-06,453904
454170,Britney,britney_patel1970113426@typill.biz,England,Plymouth,;Fruit and vegetables;Meat;Bakery products;Dairy products;Animal feeds;Poultry and fish,(+44) 5643414784,2021-11-16,454170
457614,Brooklyn,brooklyn_anderson573127714@bauros.biz,England,Oxford,;Fruit and vegetables;Meat;Animal feeds;Poultry and fish,(+44) 4264681318,2021-06-06,457614
450724,Bryce,bryce_cattell514232740@cispeto.com,England,,;Milling;Dairy products;Fruit and vegetables,(+44) 3315016013,2021-02-01,450724
460616,Bryon,bryon_parsons1186892612@gmail.com,England,Plymouth,;Milling;Fruit and vegetables;Meat;Bakery products;Dairy products;Animal feeds;Poultry and fish,(+44) 3814058475,2021-12-19,460616
460196,Cadence,cadence_carpenter1990718235@mafthy.com,England,Oxford,;Fruit and vegetables;Dairy products;Bakery products,(+44) 757345860,2021-03-20,460196
454982,Callie,callie_ebden490532717@gmail.com,England,,;Dairy products;Bakery products,(+44) 3034547843,2021-09-28,454982
462759,Camden,camden_higgs1112622841@acrit.org,England,Oxford,;Milling;Fruit and vegetables;Dairy products;Animal feeds;Poultry and fish,(+44) 4252760313,2021-04-20,462759
460665,Camellia,camellia_whittle2106195475@atink.com,England,Winchester,;Milling;Meat;Dairy products;Animal feeds;Poultry and fish,(+44) 1703011780,2021-06-01,460665
459034,Cameron,cameron_porter564972940@brety.org,England,,;Fruit and vegetables;Meat;Dairy products,(+44) 1572274232,2021-08-22,459034
452303,Candace,candace_saunders1542643081@mafthy.com,England,Oxford,;Milling;Animal feeds;Poultry and fish;Bakery products,(+44) 2460088337,2021-03-06,452303
451180,Candice,candice_morris1781814840@tonsy.org,England,Plymouth,;Milling;Meat,(+44) 6785204661,2021-10-31,451180
459698,Cara,cara_dann1746030870@elnee.tech,England,Plymouth,;Milling;Dairy products;Bakery products,(+44) 6014202215,2021-05-29,459698
459694,Carissa,carissa_king583397839@twipet.com,England,Milton Keynes,;Milling;Animal feeds;Meat;Dairy products;Bakery products;Poultry and fish,(+44) 3381605778,2021-02-01,459694
463705,Carl,carl_yoman2098321871@extex.org,England,,;Milling;Fruit and vegetables;Meat;Bakery products;Dairy products;Animal feeds;Poultry and fish,(+44) 6162000367,2021-07-21,463705
461505,Carmen,carmen_flynn1949034612@deavo.com,England,Oxford,;Fruit and vegetables;Poultry and fish,(+44) 386362331,2021-08-05,461505
459783,Carol,carol_walker889844@zorer.org,England,Plymouth,;Milling;Animal feeds;Poultry and fish,(+44) 8000335632,2021-12-25,459783
461702,Carter,carter_robe203823747@atink.com,England,Plymouth,;Milling;Fruit and vegetables;Animal feeds;Meat;Dairy products;Bakery products;Poultry and fish,(+44) 4617357285,2021-07-04,461702
454126,Cassandra,cassandra_hood144149136@qater.org,England,Oxford,;Fruit and vegetables;Meat;Milling,(+44) 160612036,2021-04-20,454126
461723,Cassidy,cassidy_thompson665359056@hourpy.biz,England,Milton Keynes,;Animal feeds;Meat;Dairy products;Bakery products;Poultry and fish,(+44) 2667378042,2021-06-23,461723
459780,Chad,chad_mitchell2078517571@qater.org,England,London,;Milling;Fruit and vegetables;Meat;Bakery products;Dairy products;Animal feeds;Poultry and fish,(+44) 5201076230,2021-10-14,459780
448586,Chanelle,chanelle_nanton1697256070@muall.tech,England,Oxford,;Milling;Fruit and vegetables;Bakery products;Dairy products;Animal feeds;Poultry and fish,(+44) 744206356,2021-04-29,448586
463714,Charlize,charlize_tait1760471184@bulaffy.com,England,London,;Milling;Fruit and vegetables;Meat;Dairy products;Bakery products;Poultry and fish,(+44) 2412285037,2021-05-05,463714
458535,Chelsea,chelsea_veale563214848@grannar.com,England,Winchester,;Milling;Bakery products;Animal feeds,(+44) 475675167,2021-06-10,458535
460385,Chloe,chloe_butler1976921524@qater.org,England,London,;Milling;Meat;Dairy products;Bakery products;Poultry and fish,(+44) 1755334526,2021-07-27,460385
454629,Chris,chris_attwood1007133961@qater.org,England,,;Milling;Fruit and vegetables;Meat;Bakery products;Dairy products;Animal feeds;Poultry and fish,(+44) 4754251442,2021-06-08,454629
449672,Christine,christine_stewart618719342@yahoo.com,England,,;Fruit and vegetables;Bakery products,(+44) 4815418510,2021-11-09,449672
462051,Chuck,chuck_locke1407972422@naiker.biz,England,Oxford,;Milling;Fruit and vegetables;Animal feeds;Meat;Dairy products;Bakery products;Poultry and fish,(+44) 1424068562,2021-07-19,462051
448590,Ciara,ciara_upton925134693@dionrab.com,England,Oxford,;Milling;Fruit and vegetables;Animal feeds;Meat;Bakery products;Poultry and fish,(+44) 2568114600,2021-01-16,448590
456923,Clint,clint_gavin268898543@fuliss.net,England,Milton Keynes,;Milling;Fruit and vegetables;Animal feeds;Meat;Dairy products;Bakery products;Poultry and fish,(+44) 6448561233,2021-02-09,456923
462757,Cristal,cristal_paterson143243162@famism.biz,England,Winchester,;Fruit and vegetables;Dairy products;Animal feeds;Poultry and fish,(+44) 1211044603,2021-03-15,462757
461531,Cynthia,cynthia_morrow50237951@bungar.biz,England,,;Milling;Fruit and vegetables;Meat;Dairy products;Bakery products;Poultry and fish,(+44) 223874621,2021-06-19,461531
448233,Dakota,dakota_farrow1882128246@cispeto.com,England,Milton Keynes,;Fruit and vegetables;Animal feeds;Meat;Bakery products;Poultry and fish,(+44) 6238051128,2021-12-31,448233
462009,Dalia,dalia_bell1233650770@tonsy.org,England,Plymouth,;Milling;Meat;Poultry and fish,(+44) 2854161356,2021-04-04,462009
463802,Danielle,danielle_cadman848902772@tonsy.org,England,Oxford,;Fruit and vegetables;Meat;Bakery products;Dairy products;Animal feeds;Poultry and fish,(+44) 4258466715,2021-12-28,463802
456917,Danny,danny_parker1856782203@bretoux.com,England,London,;Milling;Fruit and vegetables;Animal feeds;Meat;Dairy products;Bakery products;Poultry and fish,(+44) 854465738,2021-10-22,456917
461388,Daphne,daphne_weston1141504247@vetan.org,England,London,;Fruit and vegetables;Dairy products,(+44) 5434381528,2021-02-28,461388
461203,Daria,daria_bailey1118363620@grannar.com,England,,;Fruit and vegetables;Meat;Animal feeds,(+44) 1783303176,2021-09-02,461203
460400,Darlene,darlene_rixon784069011@ovock.tech,England,Milton Keynes,;Fruit and vegetables;Dairy products;Animal feeds,(+44) 7407882418,2021-01-24,460400
460845,Daron,daron_attwood1198676803@naiker.biz,England,Plymouth,;Milling;Fruit and vegetables;Animal feeds;Meat;Dairy products;Bakery products;Poultry and fish,(+44) 7505587108,2021-08-07,460845
445288,Dasha,dasha_waterhouse1661471810@vetan.org,England,Plymouth,;Fruit and vegetables;Meat;Dairy products;Bakery products;Poultry and fish,(+44) 1676287123,2021-11-21,445288
459770,David,david_larsen2083910569@womeona.net,England,London,;Milling;Fruit and vegetables;Meat;Bakery products;Dairy products;Animal feeds;Poultry and fish,(+44) 6431785207,2021-02-24,459770
461110,Davina,davina_devonport452541605@sheye.org,England,London,;Meat;Bakery products;Poultry and fish,(+44) 8815565572,2021-05-13,461110
461393,Deborah,deborah_graham370935986@brety.org,England,London,;Dairy products;Poultry and fish,(+44) 2324501444,2021-05-16,461393
462413,Denny,denny_asher855311347@twace.org,England,Milton Keynes,;Milling;Fruit and vegetables;Animal feeds;Meat;Dairy products;Bakery products;Poultry and fish,(+44) 8555773827,2021-08-06,462413
461651,Diane,diane_roscoe1152660628@mafthy.com,England,Plymouth,;Milling;Dairy products;Bakery products,(+44) 3468618875,2021-10-25,461651
463602,Doris,doris_pratt1567808777@vetan.org,England,Oxford,;Fruit and vegetables;Dairy products;Animal feeds;Poultry and fish,(+44) 4627334280,2021-03-31,463602
461518,Dorothy,dorothy_edley1908050387@eirey.tech,England,Milton Keynes,;Milling;Fruit and vegetables;Animal feeds;Bakery products;Poultry and fish,(+44) 2011222425,2021-10-15,461518
446792,Drew,drew_andrews589878729@nanoff.biz,England,Winchester,;Animal feeds;Bakery products,(+44) 8444402671,2021-10-28,446792
445285,Eden,eden_hope1176244957@twipet.com,England,Plymouth,;Dairy products;Poultry and fish,(+44) 2823043463,2021-06-22,445285
462763,Eduardo,eduardo_atkinson1933802226@vetan.org,England,Milton Keynes,;Milling;Fruit and vegetables;Animal feeds;Meat;Dairy products;Bakery products;Poultry and fish,(+44) 8768124834,2021-08-30,462763
447061,Eileen,eileen_brown1471694044@bungar.biz,England,Oxford,;Milling;Meat;Dairy products;Bakery products;Poultry and fish,(+44) 8340770566,2021-09-25,447061
463152,Elena,elena_archer949699636@eirey.tech,England,Winchester,;Dairy products;Meat;Bakery products;Milling,(+44) 4587220245,2021-04-19,463152
460686,Elijah,elijah_huggins1058412915@corti.com,England,Oxford,;Milling;Fruit and vegetables;Meat;Bakery products;Dairy products;Animal feeds;Poultry and fish,(+44) 172173667,2021-06-12,460686
452798,Elise,elise_mccall853713018@naiker.biz,England,Winchester,;Dairy products;Animal feeds;Poultry and fish,(+44) 2007885383,2021-08-07,452798
454186,Ema,ema_rosenbloom1164106789@infotech44.tech,England,Winchester,;Milling;Fruit and vegetables;Meat;Dairy products;Animal feeds,(+44) 2103146887,2021-12-27,454186
446197,Ember,ember_jarvis1429968361@corti.com,England,Milton Keynes,;Fruit and vegetables;Meat;Dairy products;Bakery products;Poultry and fish,(+44) 3781085274,2021-02-05,446197
446521,Emely,emely_thomson891605154@bauros.biz,England,,;Bakery products;Poultry and fish,(+44) 6474180441,2021-01-10,446521
462756,Emerald,emerald_bell2141200027@womeona.net,England,Milton Keynes,;Milling;Meat;Animal feeds,(+44) 5078134863,2021-08-11,462756
445772,Emmanuelle,emmanuelle_seymour1288787722@sveldo.biz,England,Winchester,;Animal feeds;Meat;Dairy products;Bakery products;Poultry and fish,(+44) 8044775187,2021-08-05,445772
460605,Enoch,enoch_kent122420385@infotech44.tech,England,Winchester,;Milling;Fruit and vegetables;Meat;Bakery products;Dairy products;Animal feeds;Poultry and fish,(+44) 8451041687,2021-07-14,460605
456924,Erica,erica_kerr1366053027@ubusive.com,England,Milton Keynes,;Milling;Dairy products;Bakery products,(+44) 4508025028,2021-11-03,456924
461111,Erick,erick_pond733055246@grannar.com,England,London,;Milling;Fruit and vegetables;Meat;Bakery products;Dairy products;Animal feeds;Poultry and fish,(+44) 6376843202,2021-04-16,461111
460926,Erin,erin_jordan1059986045@iatim.tech,England,,;Fruit and vegetables;Dairy products;Bakery products;Animal feeds,(+44) 8028700174,2021-09-02,460926
446950,Eryn,eryn_morris1671953202@deavo.com,England,London,;Meat;Animal feeds,(+44) 6051103577,2021-06-18,446950
448155,Estrella,estrella_anderson1704624058@atink.com,England,Milton Keynes,;Dairy products;Bakery products,(+44) 6801680655,2021-05-11,448155
459031,Ethan,ethan_bailey246298816@sheye.org,England,Oxford,;Milling;Fruit and vegetables;Meat;Bakery products;Dairy products;Animal feeds;Poultry and fish,(+44) 6105072724,2021-07-25,459031
462755,Felicity,felicity_cowan62930893@supunk.biz,England,Oxford,;Fruit and vegetables;Meat;Bakery products;Milling,(+44) 8306464073,2021-05-15,462755
446195,Fred,fred_bristow481222907@gembat.biz,England,Milton Keynes,;Milling;Fruit and vegetables;Animal feeds;Meat;Dairy products;Bakery products;Poultry and fish,(+44) 7801618648,2021-03-22,446195
454140,Gabriel,gabriel_mould809653900@cispeto.com,England,Oxford,;Milling;Fruit and vegetables;Meat;Bakery products;Dairy products;Animal feeds;Poultry and fish,(+44) 8024371656,2021-05-26,454140
459036,Georgia,georgia_stewart245520791@bretoux.com,England,Oxford,;Milling;Animal feeds;Poultry and fish,(+44) 5614414163,2021-10-12,459036
457622,Gina,gina_weasley83573127@naiker.biz,England,Plymouth,;Milling;Dairy products;Bakery products;Animal feeds,(+44) 605727343,2021-10-02,457622
454633,Gloria,gloria_lakey1085925272@liret.org,England,London,;Dairy products;Animal feeds;Bakery products,(+44) 8307246136,2021-07-29,454633
456925,Goldie,goldie_rosenbloom614049857@corti.com,England,Plymouth,;Milling;Fruit and vegetables,(+44) 1258240520,2021-11-29,456925
461521,Gwenyth,gwenyth_anderson491777972@irrepsy.com,England,Oxford,;Dairy products;Bakery products;Poultry and fish,(+44) 5755251023,2021-05-15,461521
445199,Hadley,hadley_spencer1285773970@qater.org,England,London,;Milling;Fruit and vegetables;Animal feeds;Bakery products;Poultry and fish,(+44) 4835208847,2021-03-28,445199
454595,Hailey,hailey_farrell934796609@brety.org,England,London,;Fruit and vegetables;Bakery products,(+44) 6747016018,2021-12-04,454595
460826,Hanna,hanna_thomas1596928902@ubusive.com,England,Oxford,;Fruit and vegetables;Meat;Bakery products;Poultry and fish,(+44) 7440351881,2021-03-01,460826
460477,Hannah,hannah_larsen590931225@ovock.tech,England,Oxford,;Milling;Meat;Poultry and fish;Fruit and vegetables,(+44) 7875138183,2021-04-20,460477
454974,Harmony,harmony_alexander1308081351@bulaffy.com,England,Oxford,;Fruit and vegetables;Meat;Bakery products;Dairy products;Animal feeds,(+44) 1442042182,2021-12-24,454974
459777,Harry,harry_squire636510531@bretoux.com,England,Oxford,;Milling;Fruit and vegetables;Meat;Bakery products;Dairy products;Animal feeds;Poultry and fish,(+44) 3282112216,2021-03-25,459777
460875,Harvey,harvey_myatt495332361@typill.biz,England,Oxford,;Milling;Fruit and vegetables;Meat;Bakery products;Dairy products;Animal feeds;Poultry and fish,(+44) 8218261060,2021-07-17,460875
463154,Hayden,hayden_garcia274593560@yahoo.com,England,,;Milling;Fruit and vegetables;Animal feeds;Meat;Dairy products;Bakery products;Poultry and fish,(+44) 8482028424,2021-03-27,463154
461728,Holly,holly_talbot1229828961@naiker.biz,England,Milton Keynes,;Meat;Animal feeds;Poultry and fish,(+44) 3480765062,2021-02-07,461728
460237,Irene,irene_kirby1288254799@dionrab.com,England,Plymouth,;Dairy products;Meat;Bakery products;Fruit and vegetables,(+44) 180820206,2021-11-04,460237
462219,Iris,iris_edler1128367088@bauros.biz,England,,;Fruit and vegetables;Bakery products;Poultry and fish,(+44) 8276433817,2021-03-22,462219
460671,Isabel,isabel_wilson1610228892@iatim.tech,England,,;Milling;Dairy products;Bakery products;Meat,(+44) 4513554132,2021-02-04,460671
461738,Isabella,isabella_thorne1412239823@extex.org,England,,;Milling;Animal feeds,(+44) 5601402118,2021-06-16,461738
463608,Ivette,ivette_gonzales1296254376@extex.org,England,Winchester,;Milling;Dairy products,(+44) 4681760445,2021-09-08,463608
459782,Ivy,ivy_rees129500234@jiman.org,England,Plymouth,;Fruit and vegetables;Animal feeds;Poultry and fish,(+44) 6238748167,2021-04-24,459782
463718,Jack,jack_drew919268806@iatim.tech,England,,;Milling;Fruit and vegetables;Meat;Bakery products;Dairy products;Animal feeds;Poultry and fish,(+44) 1212226568,2021-06-23,463718
462806,Jacob,jacob_hood245133865@liret.org,England,Winchester,;Milling;Fruit and vegetables;Meat;Bakery products;Dairy products;Animal feeds;Poultry and fish,(+44) 6573105428,2021-04-21,462806
438390,Jacqueline,jacqueline_evans1262165553@guentu.biz,England,Oxford,;Dairy products;Bakery products;Poultry and fish,(+44) 3600116223,2021-07-18,438390
458534,Janelle,janelle_king1474186826@famism.biz,England,Milton Keynes,;Milling;Fruit and vegetables;Animal feeds;Meat;Dairy products;Bakery products,(+44) 4180140885,2021-06-11,458534
454199,Janice,janice_lloyd1273618446@sveldo.biz,England,Plymouth,;Milling;Dairy products;Bakery products,(+44) 4505128005,2021-09-24,454199
460691,Jayden,jayden_garcia308233852@fuliss.net,England,Plymouth,;Milling;Fruit and vegetables;Meat;Bakery products;Dairy products;Animal feeds;Poultry and fish,(+44) 1078162531,2021-01-02,460691
460907,Jazmin,jazmin_burnley1581452427@twipet.com,England,Winchester,;Dairy products;Meat;Milling;Poultry and fish,(+44) 1804013807,2021-10-29,460907
460655,Jocelyn,jocelyn_vallins841431513@jiman.org,England,Plymouth,;Milling;Dairy products;Bakery products;Animal feeds,(+44) 7218230462,2021-05-07,460655
457943,John,john_donovan23384349@nickia.com,England,Oxford,;Milling;Fruit and vegetables;Animal feeds;Meat;Dairy products;Bakery products;Poultry and fish,(+44) 2654681634,2021-09-05,457943
460688,Johnny,johnny_tindall1204168567@gembat.biz,England,London,;Milling;Fruit and vegetables;Meat;Bakery products;Dairy products;Animal feeds;Poultry and fish,(+44) 2643372213,2021-09-03,460688
461353,Joseph,joseph_morris1158662207@vetan.org,England,Milton Keynes,;Milling;Fruit and vegetables;Animal feeds;Meat;Dairy products;Bakery products;Poultry and fish,(+44) 3415617234,2021-08-06,461353
445967,Josephine,josephine_brown1061702770@twace.org,England,,;Fruit and vegetables;Meat;Bakery products;Dairy products,(+44) 5761665631,2021-11-01,445967
429143,Judith,judith_reese1396007206@womeona.net,England,London,;Meat;Animal feeds,(+44) 7560531018,2021-03-31,429143
440131,Julia,julia_reid730737426@nimogy.biz,England,Plymouth,;Milling;Fruit and vegetables;Meat;Dairy products;Bakery products,(+44) 8545762584,2021-06-26,440131
461381,Julianna,julianna_wigley332200871@dionrab.com,England,London,Poultry and fish,(+44) 7646464254,2021-08-20,461381
442326,Juliet,juliet_knight917278064@ovock.tech,England,,;Dairy products;Animal feeds;Meat,(+44) 5578550825,2021-05-27,442326
454843,Juliette,juliette_sherwood1025881074@irrepsy.com,England,Plymouth,;Milling;Meat;Bakery products,(+44) 5634864186,2021-11-19,454843
462224,Kassandra,kassandra_powell155033352@gembat.biz,England,Winchester,;Fruit and vegetables;Poultry and fish,(+44) 3120462704,2021-09-12,462224
442348,Katelyn,katelyn_allen1816286809@hourpy.biz,England,Milton Keynes,;Dairy products;Animal feeds,(+44) 6757583028,2021-11-01,442348
463851,Kaylee,kaylee_verdon1807110786@twace.org,England,,;Fruit and vegetables;Animal feeds;Poultry and fish,(+44) 1680113372,2021-08-06,463851
433928,Kendra,kendra_hobbs1270453630@womeona.net,England,,;Fruit and vegetables;Milling,(+44) 8857561173,2021-04-26,433928
460846,Kenzie,kenzie_douglas1115464039@guentu.biz,England,Milton Keynes,;Milling;Meat;Animal feeds,(+44) 4817712473,2021-03-11,460846
462404,Kieth,kieth_clark2069437263@vetan.org,England,Plymouth,;Fruit and vegetables;Meat;Bakery products;Dairy products;Animal feeds;Poultry and fish,(+44) 7216836610,2021-08-06,462404
457946,Laila,laila_myatt196597378@infotech44.tech,England,London,;Fruit and vegetables;Animal feeds;Milling;Poultry and fish,(+44) 3665445184,2021-10-23,457946
460864,Lana,lana_mcgee1036394914@tonsy.org,England,Plymouth,;Milling;Dairy products;Bakery products,(+44) 7805758883,2021-11-14,460864
462223,Lara,lara_casey686163944@gembat.biz,England,Plymouth,;Milling;Fruit and vegetables;Meat;Dairy products;Animal feeds;Poultry and fish,(+44) 8875821861,2021-01-19,462223
461503,Leroy,leroy_rigg1163370860@liret.org,England,Oxford,;Milling;Fruit and vegetables;Meat;Bakery products;Dairy products;Animal feeds;Poultry and fish,(+44) 6835315660,2021-01-13,461503
463707,Liam,liam_hopkins1870445064@infotech44.tech,England,Oxford,;Milling;Fruit and vegetables;Meat;Bakery products;Dairy products;Animal feeds;Poultry and fish,(+44) 3417038578,2021-01-25,463707
461736,Liliana,liliana_rees14880488@grannar.com,England,Plymouth,;Animal feeds;Meat;Dairy products;Bakery products;Poultry and fish,(+44) 6782315637,2021-10-28,461736
461720,Lillian,lillian_thomson548119182@guentu.biz,England,London,;Dairy products;Bakery products;Poultry and fish;Animal feeds,(+44) 6306674347,2021-11-02,461720
447047,Liv,liv_calderwood1114996142@mafthy.com,England,,;Dairy products;Animal feeds;Poultry and fish;Bakery products,(+44) 470242216,2021-12-04,447047
416048,Livia,livia_collingwood1824028158@atink.com,England,Oxford,;Fruit and vegetables;Animal feeds;Bakery products,(+44) 3733704543,2021-11-29,416048
460654,Lucas,lucas_cork1549490061@famism.biz,England,London,;Milling;Fruit and vegetables;Meat;Dairy products;Bakery products;Poultry and fish,(+44) 775853163,2021-11-02,460654
463603,Lucy,lucy_matthews94860927@guentu.biz,England,Plymouth,;Milling;Dairy products;Animal feeds;Bakery products,(+44) 8512450266,2021-01-03,463603
448199,Luke,luke_oatway1314397988@infotech44.tech,England,London,;Milling;Fruit and vegetables;Meat;Bakery products;Dairy products;Animal feeds;Poultry and fish,(+44) 1223433403,2021-03-28,448199
440130,Mabel,mabel_stevenson1064152129@yahoo.com,England,Plymouth,;Meat;Animal feeds,(+44) 3850162535,2021-05-27,440130
460467,Mackenzie,mackenzie_nobbs1390260356@elnee.tech,England,Milton Keynes,;Milling;Bakery products;Poultry and fish;Fruit and vegetables,(+44) 6617220122,2021-12-03,460467
457939,Maddison,maddison_addison1068093510@nanoff.biz,England,Oxford,;Fruit and vegetables;Animal feeds;Poultry and fish,(+44) 1613101803,2021-12-23,457939
463159,Madelyn,madelyn_owens1773572525@gembat.biz,England,Oxford,;Fruit and vegetables;Animal feeds;Milling;Poultry and fish,(+44) 3315426625,2021-09-27,463159
421341,Madison,madison_carson300252763@hourpy.biz,England,Winchester,;Fruit and vegetables;Animal feeds;Meat;Dairy products;Bakery products;Poultry and fish,(+44) 1208816584,2021-06-14,421341
435546,Maia,maia_adams1107813164@fuliss.net,England,Milton Keynes,;Fruit and vegetables;Dairy products,(+44) 4214136552,2021-07-07,435546
454989,Makena,makena_may208920622@famism.biz,England,Winchester,;Fruit and vegetables;Meat;Poultry and fish,(+44) 7761018880,2021-05-02,454989
463157,Mandy,mandy_wallace1937374042@cispeto.com,England,Plymouth,;Milling;Fruit and vegetables;Bakery products;Animal feeds;Poultry and fish,(+44) 4504388828,2021-02-16,463157
462767,Manuel,manuel_carpenter1494281807@gompie.com,England,Oxford,;Milling;Fruit and vegetables;Animal feeds;Meat;Dairy products;Bakery products;Poultry and fish,(+44) 264476324,2021-03-15,462767
460843,Maria,maria_gilmore436638082@bretoux.com,England,Milton Keynes,;Fruit and vegetables;Dairy products;Animal feeds;Milling,(+44) 5606633403,2021-03-24,460843
457937,Marigold,marigold_tennant254733486@twace.org,England,Winchester,Bakery products,(+44) 7220757812,2021-08-13,457937
443963,Marilyn,marilyn_ballard416613983@naiker.biz,England,London,;Milling;Meat;Bakery products;Animal feeds;Poultry and fish,(+44) 6667257100,2021-11-16,443963
462766,Marina,marina_harper434243288@womeona.net,England,Winchester,;Milling;Animal feeds,(+44) 4534110657,2021-12-19,462766
418310,Marissa,marissa_cann1669105055@nickia.com,England,,;Fruit and vegetables;Meat;Bakery products;Milling,(+44) 6565487076,2021-05-28,418310
461852,Marjorie,marjorie_kaur1771414364@vetan.org,England,Milton Keynes,;Milling;Fruit and vegetables;Bakery products;Dairy products;Animal feeds,(+44) 5476352415,2021-02-22,461852
423961,Martha,martha_lewin833719032@irrepsy.com,England,Winchester,Dairy products,(+44) 3327331628,2021-11-10,423961
418336,Marvin,marvin_anderson918576150@jiman.org,England,,;Milling;Fruit and vegetables;Meat;Bakery products;Dairy products;Animal feeds;Poultry and fish,(+44) 3220772778,2021-12-09,418336
457528,Mary,mary_fowler392011103@guentu.biz,England,Milton Keynes,;Milling;Bakery products;Fruit and vegetables;Animal feeds,(+44) 33185050,2021-10-22,457528
462222,Mavis,mavis_thatcher1421593897@tonsy.org,England,Oxford,Meat,(+44) 8500820714,2021-10-27,462222
460842,Mayleen,mayleen_hewitt255160970@womeona.net,England,Plymouth,;Milling;Meat;Bakery products;Dairy products;Animal feeds;Poultry and fish,(+44) 7453302745,2021-11-05,460842
415284,Melania,melania_taylor1598290133@twipet.com,England,Winchester,;Milling;Bakery products,(+44) 4571041217,2021-08-07,415284
461515,Melanie,melanie_baker332403807@atink.com,England,Plymouth,Animal feeds,(+44) 4082551126,2021-12-23,461515
428520,Melinda,melinda_hall1685376241@joiniaa.com,England,,;Fruit and vegetables;Meat;Bakery products;Dairy products;Animal feeds;Poultry and fish,(+44) 4110287173,2021-03-31,428520
457529,Meredith,meredith_shea1843078083@eirey.tech,England,,;Fruit and vegetables;Bakery products;Poultry and fish,(+44) 2332714403,2021-10-22,457529
463712,Michaela,michaela_downing1593001116@ubusive.com,England,Winchester,;Fruit and vegetables;Meat;Dairy products;Bakery products;Poultry and fish,(+44) 5304640580,2021-11-24,463712
414033,Michelle,michelle_gray1384901247@jiman.org,England,Winchester,;Fruit and vegetables;Dairy products;Poultry and fish,(+44) 2513572372,2021-01-27,414033
460195,Mina,mina_phillips1600454534@iatim.tech,England,Plymouth,;Dairy products;Meat,(+44) 7454520302,2021-02-24,460195
457945,Miriam,miriam_dubois1313153459@womeona.net,England,Plymouth,;Fruit and vegetables;Dairy products;Animal feeds,(+44) 385610758,2021-10-12,457945
429118,Moira,moira_walsh2136023792@gembat.biz,England,Plymouth,;Milling;Animal feeds,(+44) 1788101474,2021-04-17,429118
462655,Mona,mona_grant2130858127@infotech44.tech,England,Milton Keynes,;Fruit and vegetables;Animal feeds,(+44) 2730012454,2021-04-09,462655
438615,Nancy,nancy_abbey559204477@naiker.biz,England,Winchester,;Dairy products;Bakery products;Poultry and fish,(+44) 7318717471,2021-12-09,438615
415283,Natalie,natalie_umney352254276@joiniaa.com,England,Winchester,;Fruit and vegetables;Poultry and fish,(+44) 3330651050,2021-08-28,415283
455788,Nate,nate_talbot614746746@fuliss.net,England,London,;Milling;Fruit and vegetables;Animal feeds;Meat;Dairy products;Bakery products;Poultry and fish,(+44) 2367281545,2021-06-08,455788
461733,Nicole,nicole_dempsey1178136402@muall.tech,England,Winchester,;Milling;Dairy products,(+44) 2807744452,2021-03-21,461733
416019,Nina,nina_bryant98782245@elnee.tech,England,Plymouth,;Fruit and vegetables;Dairy products;Bakery products;Meat,(+44) 8121868302,2021-08-15,416019
459690,Noah,noah_harris1187628309@joiniaa.com,England,Plymouth,;Milling;Fruit and vegetables;Meat;Bakery products;Dairy products;Animal feeds;Poultry and fish,(+44) 8465226568,2021-03-20,459690
415278,Norah,norah_stewart1004006352@iatim.tech,England,London,Fruit and vegetables,(+44) 1227372116,2021-11-10,415278
460700,Oliver,oliver_john1708236897@deons.tech,England,Plymouth,;Milling;Fruit and vegetables;Animal feeds;Meat;Dairy products;Bakery products;Poultry and fish,(+44) 7786473685,2021-08-31,460700
457620,Owen,owen_upton891088121@sheye.org,England,,;Milling;Fruit and vegetables;Meat;Bakery products;Dairy products;Animal feeds;Poultry and fish,(+44) 8074467745,2021-07-16,457620
451183,Penny,penny_healy331195828@famism.biz,England,London,;Milling;Meat;Dairy products;Animal feeds;Poultry and fish,(+44) 7848474464,2021-09-25,451183
424752,Priscilla,priscilla_chappell2130235320@naiker.biz,England,,;Milling;Dairy products,(+44) 7728713837,2021-06-17,424752
448235,Ramon,ramon_ashwell1020867027@bungar.biz,England,Oxford,;Milling;Fruit and vegetables;Animal feeds;Meat;Dairy products;Bakery products;Poultry and fish,(+44) 8718583667,2021-03-08,448235
455793,Regina,regina_ellis497733376@iatim.tech,England,Milton Keynes,;Fruit and vegetables;Dairy products;Bakery products,(+44) 8370450751,2021-08-19,455793
455780,Rick,rick_williams365987697@ovock.tech,England,Plymouth,;Milling;Fruit and vegetables;Animal feeds;Meat;Dairy products;Bakery products;Poultry and fish,(+44) 8113727537,2021-08-05,455780
429251,Rihanna,rihanna_drew702937666@joiniaa.com,England,London,;Milling;Fruit and vegetables;Animal feeds;Meat;Dairy products;Bakery products;Poultry and fish,(+44) 1380711208,2021-02-12,429251
461387,Rita,rita_pitt1412762301@iatim.tech,England,Oxford,;Fruit and vegetables;Animal feeds;Milling;Poultry and fish,(+44) 4574465474,2021-06-17,461387
460615,Ron,ron_hancock1814544545@bretoux.com,England,,;Milling;Fruit and vegetables;Meat;Bakery products;Dairy products;Animal feeds;Poultry and fish,(+44) 5527388520,2021-08-22,460615
429752,Rose,rose_kelly301583780@famism.biz,England,Winchester,;Milling;Meat,(+44) 256277428,2021-08-28,429752
415651,Rosemary,rosemary_dixon1137539590@bretoux.com,England,Winchester,;Fruit and vegetables;Dairy products;Poultry and fish;Meat,(+44) 1416801623,2021-09-25,415651
457519,Rosie,rosie_gilmore175881470@bretoux.com,England,London,;Milling;Meat;Poultry and fish;Fruit and vegetables,(+44) 2812612507,2021-05-03,457519
460479,Rufus,rufus_roth426537683@acrit.org,England,London,;Milling;Fruit and vegetables;Meat;Bakery products;Dairy products;Animal feeds;Poultry and fish,(+44) 1261765254,2021-05-09,460479
455796,Russel,russel_alcroft625070897@sveldo.biz,England,,;Milling;Fruit and vegetables;Meat;Bakery products;Dairy products;Animal feeds;Poultry and fish,(+44) 8725341658,2021-02-03,455796
416552,Ruth,ruth_morley433125466@bungar.biz,England,,;Fruit and vegetables;Poultry and fish,(+44) 7803127554,2021-01-30,416552
461115,Ryan,ryan_morris1546701447@atink.com,England,Plymouth,;Milling;Fruit and vegetables;Meat;Bakery products;Dairy products;Animal feeds;Poultry and fish,(+44) 133383782,2021-11-18,461115
451187,Rylee,rylee_bryant1127627594@sveldo.biz,England,,;Animal feeds;Meat;Dairy products;Bakery products;Poultry and fish,(+44) 5841863375,2021-02-08,451187
459685,Sabina,sabina_pitt1905237708@kideod.biz,England,Oxford,Animal feeds,(+44) 5280461831,2021-10-24,459685
413502,Sabrina,sabrina_styles1158253625@dionrab.com,England,Oxford,;Milling;Animal feeds;Fruit and vegetables;Poultry and fish,(+44) 13008303,2021-02-19,413502
415302,Samara,samara_kelly864614965@twace.org,England,Milton Keynes,;Milling;Bakery products,(+44) 476205776,2021-11-02,415302
413061,Savannah,savannah_evans510973299@cispeto.com,England,Milton Keynes,;Milling;Animal feeds;Poultry and fish;Fruit and vegetables,(+44) 1381807187,2021-07-24,413061
459035,Scarlett,scarlett_bailey315817530@sheye.org,England,Winchester,;Fruit and vegetables;Meat;Dairy products;Bakery products;Poultry and fish,(+44) 3126538812,2021-07-15,459035
461725,Sebastian,sebastian_robinson455071456@extex.org,England,Winchester,;Milling;Fruit and vegetables;Meat;Bakery products;Dairy products;Animal feeds;Poultry and fish,(+44) 7764733436,2021-04-17,461725
463553,Selena,selena_addis552097589@bauros.biz,England,London,;Dairy products;Animal feeds;Poultry and fish;Meat,(+44) 2480284733,2021-03-14,463553
428506,Sharon,sharon_lee482817525@eirey.tech,England,Milton Keynes,;Milling;Bakery products;Fruit and vegetables;Animal feeds,(+44) 2311835676,2021-02-13,428506
460839,Shay,shay_devonport748318292@liret.org,England,,;Milling;Bakery products;Poultry and fish,(+44) 5178024682,2021-01-19,460839
457623,Shelby,shelby_pearce1066421117@elnee.tech,England,Winchester,;Milling;Fruit and vegetables;Bakery products;Dairy products;Animal feeds,(+44) 1553823661,2021-04-15,457623
460809,Skylar,skylar_dann2042916835@guentu.biz,England,Winchester,;Milling;Fruit and vegetables;Meat;Dairy products;Animal feeds,(+44) 4328843265,2021-12-03,460809
459688,Sloane,sloane_carson1011113164@gompie.com,England,,;Milling;Fruit and vegetables;Meat;Bakery products;Animal feeds,(+44) 8843587883,2021-01-07,459688
459032,Sonya,sonya_rogan1843011818@sveldo.biz,England,Milton Keynes,Dairy products,(+44) 2870530837,2021-12-22,459032
413005,Stephanie,stephanie_clarke1078331368@hourpy.biz,England,London,;Milling;Meat;Animal feeds;Bakery products,(+44) 3717116570,2021-03-09,413005
422801,Susan,susan_evans484739469@iatim.tech,England,Oxford,;Fruit and vegetables;Poultry and fish,(+44) 248526587,2021-10-07,422801
458530,Sydney,sydney_wilde1591447379@mafthy.com,England,Winchester,;Milling;Meat;Poultry and fish;Dairy products,(+44) 416430768,2021-06-18,458530
462212,Sylvia,sylvia_evans1119645843@vetan.org,England,Milton Keynes,;Fruit and vegetables;Meat;Bakery products,(+44) 2644117577,2021-06-11,462212
460384,Tess,tess_fall668918441@bungar.biz,England,Milton Keynes,;Fruit and vegetables;Animal feeds;Meat;Bakery products;Poultry and fish,(+44) 8685206156,2021-09-28,460384
454141,Tiffany,tiffany_reyes206273269@qater.org,England,,;Fruit and vegetables;Bakery products;Poultry and fish,(+44) 7180323205,2021-01-23,454141
460832,Tony,tony_sheldon2147414841@eirey.tech,England,Oxford,;Milling;Fruit and vegetables;Animal feeds;Meat;Dairy products;Bakery products;Poultry and fish,(+44) 5012826126,2021-06-27,460832
461735,Trisha,trisha_dunbar718803404@typill.biz,England,London,;Fruit and vegetables;Meat;Milling;Poultry and fish,(+44) 6234076565,2021-02-24,461735
460703,Tyson,tyson_dunbar709496273@supunk.biz,England,Milton Keynes,;Milling;Fruit and vegetables;Animal feeds;Meat;Dairy products;Bakery products;Poultry and fish,(+44) 2168465747,2021-08-19,460703
463710,Valerie,valerie_hogg1445215624@twipet.com,England,Oxford,;Dairy products;Poultry and fish,(+44) 5371410187,2021-04-01,463710
428901,Vera,vera_janes1518990962@naiker.biz,England,Oxford,;Milling;Dairy products;Animal feeds;Poultry and fish,(+44) 8628174405,2021-12-26,428901
422853,Vicky,vicky_morrison114799425@atink.com,England,Milton Keynes,;Milling;Dairy products,(+44) 7777162004,2021-07-16,422853
455797,Wade,wade_casey2060990567@bretoux.com,England,London,;Milling;Fruit and vegetables;Animal feeds;Meat;Dairy products;Bakery products;Poultry and fish,(+44) 1776233546,2021-05-17,455797
432651,Wendy,wendy_farmer211975052@gompie.com,England,London,;Dairy products;Meat,(+44) 4311710435,2021-04-04,432651
463709,William,william_pearce1042111479@bungar.biz,England,,;Milling;Fruit and vegetables;Animal feeds;Meat;Dairy products;Bakery products;Poultry and fish,(+44) 8718024775,2021-06-20,463709
461729,Willow,willow_murphy885064126@cispeto.com,England,London,;Milling;Fruit and vegetables;Animal feeds;Dairy products;Bakery products;Poultry and fish,(+44) 2844657484,2021-04-02,461729
427351,Zara,zara_oldfield587137840@ubusive.com,England,London,;Milling;Meat;Animal feeds;Fruit and vegetables,(+44) 7614866578,2021-11-12,427351
